narration_id,video_id,start_frame,stop_frame,narration,verb,verb_class,noun,noun_class
M2-10_0,M2-10,349,523,Place tourniquet over affected extremity 2-3 inches above wound site.,34,34,34,34
M2-10_1,M2-10,657,687,Pull tourniquet tight.,35,35,35,35
M2-10_2,M2-10,698,799,Apply strap to strap body.,36,36,36,36
M2-10_3,M2-10,865,1119,Turn windless clock wise or counter clockwise until hemorrhage is controlled.,37,37,37,37
M2-10_4,M2-10,1092,1151,Lock windless into the windless keeper.,38,38,38,38
M2-10_5,M2-10,1159,1253,Pull remaining strap over the windless keeper.,39,39,39,39
M2-10_6,M2-10,1229,1260,Secure strap and windless keeper with keeper securing device.,40,40,40,40
M2-10_7,M2-10,1374,1450,Mark time on securing device strap with permanent marker.,41,41,41,41
M2-100_0,M2-100,220,538,Place tourniquet over affected extremity 2-3 inches above wound site.,34,34,34,34
M2-100_1,M2-100,621,681,Pull tourniquet tight.,35,35,35,35
M2-100_2,M2-100,683,762,Apply strap to strap body.,36,36,36,36
M2-100_3,M2-100,778,858,Turn windless clock wise or counter clockwise until hemorrhage is controlled.,37,37,37,37
M2-100_4,M2-100,818,876,Lock windless into the windless keeper.,38,38,38,38
M2-100_5,M2-100,917,1036,Pull remaining strap over the windless keeper.,39,39,39,39
M2-100_6,M2-100,1021,1076,Secure strap and windless keeper with keeper securing device.,40,40,40,40
M2-100_7,M2-100,1109,1155,Mark time on securing device strap with permanent marker.,41,41,41,41
M2-102_0,M2-102,303,533,Place tourniquet over affected extremity 2-3 inches above wound site.,34,34,34,34
M2-102_1,M2-102,557,659,Pull tourniquet tight.,35,35,35,35
M2-102_2,M2-102,698,799,Apply strap to strap body.,36,36,36,36
M2-102_3,M2-102,809,985,Turn windless clock wise or counter clockwise until hemorrhage is controlled.,37,37,37,37
M2-102_4,M2-102,949,999,Lock windless into the windless keeper.,38,38,38,38
M2-102_5,M2-102,1025,1075,Pull remaining strap over the windless keeper.,39,39,39,39
M2-102_6,M2-102,1070,1121,Secure strap and windless keeper with keeper securing device.,40,40,40,40
M2-102_7,M2-102,1161,1197,Mark time on securing device strap with permanent marker.,41,41,41,41
M2-103_0,M2-103,396,581,Place tourniquet over affected extremity 2-3 inches above wound site.,34,34,34,34
M2-103_1,M2-103,597,754,Pull tourniquet tight.,35,35,35,35
M2-103_2,M2-103,755,802,Apply strap to strap body.,36,36,36,36
M2-103_3,M2-103,834,995,Turn windless clock wise or counter clockwise until hemorrhage is controlled.,37,37,37,37
M2-103_4,M2-103,972,1027,Lock windless into the windless keeper.,38,38,38,38
M2-103_5,M2-103,1027,1057,Pull remaining strap over the windless keeper.,39,39,39,39
M2-103_6,M2-103,1038,1082,Secure strap and windless keeper with keeper securing device.,40,40,40,40
M2-103_7,M2-103,1118,1166,Mark time on securing device strap with permanent marker.,41,41,41,41
M2-104_0,M2-104,179,384,Place tourniquet over affected extremity 2-3 inches above wound site.,34,34,34,34
M2-104_1,M2-104,428,490,Pull tourniquet tight.,35,35,35,35
M2-104_2,M2-104,519,568,Apply strap to strap body.,36,36,36,36
M2-104_3,M2-104,580,673,Turn windless clock wise or counter clockwise until hemorrhage is controlled.,37,37,37,37
M2-104_4,M2-104,646,676,Lock windless into the windless keeper.,38,38,38,38
M2-104_5,M2-104,685,729,Pull remaining strap over the windless keeper.,39,39,39,39
M2-104_6,M2-104,730,765,Secure strap and windless keeper with keeper securing device.,40,40,40,40
M2-104_7,M2-104,780,803,Mark time on securing device strap with permanent marker.,41,41,41,41
M2-105_0,M2-105,385,674,Place tourniquet over affected extremity 2-3 inches above wound site.,34,34,34,34
M2-105_1,M2-105,708,818,Pull tourniquet tight.,35,35,35,35
M2-105_2,M2-105,819,855,Apply strap to strap body.,36,36,36,36
M2-105_3,M2-105,870,1002,Turn windless clock wise or counter clockwise until hemorrhage is controlled.,37,37,37,37
M2-105_4,M2-105,971,1028,Lock windless into the windless keeper.,38,38,38,38
M2-105_5,M2-105,1039,1069,Pull remaining strap over the windless keeper.,39,39,39,39
M2-105_6,M2-105,1064,1109,Secure strap and windless keeper with keeper securing device.,40,40,40,40
M2-105_7,M2-105,1145,1172,Mark time on securing device strap with permanent marker.,41,41,41,41
M2-106_0,M2-106,331,613,Place tourniquet over affected extremity 2-3 inches above wound site.,34,34,34,34
M2-106_1,M2-106,629,733,Pull tourniquet tight.,35,35,35,35
M2-106_2,M2-106,734,770,Apply strap to strap body.,36,36,36,36
M2-106_3,M2-106,782,874,Turn windless clock wise or counter clockwise until hemorrhage is controlled.,37,37,37,37
M2-106_4,M2-106,832,862,Lock windless into the windless keeper.,38,38,38,38
M2-106_5,M2-106,891,934,Pull remaining strap over the windless keeper.,39,39,39,39
M2-106_6,M2-106,933,981,Secure strap and windless keeper with keeper securing device.,40,40,40,40
M2-106_7,M2-106,1005,1031,Mark time on securing device strap with permanent marker.,41,41,41,41
M2-107_0,M2-107,231,535,Place tourniquet over affected extremity 2-3 inches above wound site.,34,34,34,34
M2-107_1,M2-107,580,667,Pull tourniquet tight.,35,35,35,35
M2-107_2,M2-107,667,699,Apply strap to strap body.,36,36,36,36
M2-107_3,M2-107,701,822,Turn windless clock wise or counter clockwise until hemorrhage is controlled.,37,37,37,37
M2-107_4,M2-107,821,871,Lock windless into the windless keeper.,38,38,38,38
M2-107_5,M2-107,824,874,Secure strap and windless keeper with keeper securing device.,40,40,40,40
M2-107_6,M2-107,947,970,Pull remaining strap over the windless keeper.,39,39,39,39
M2-107_7,M2-107,1021,1050,Mark time on securing device strap with permanent marker.,41,41,41,41
M2-108_0,M2-108,149,374,Place tourniquet over affected extremity 2-3 inches above wound site.,34,34,34,34
M2-108_1,M2-108,420,553,Pull tourniquet tight.,35,35,35,35
M2-108_2,M2-108,559,597,Apply strap to strap body.,36,36,36,36
M2-108_3,M2-108,654,752,Turn windless clock wise or counter clockwise until hemorrhage is controlled.,37,37,37,37
M2-108_4,M2-108,759,823,Lock windless into the windless keeper.,38,38,38,38
M2-108_5,M2-108,868,1109,Pull remaining strap over the windless keeper.,39,39,39,39
M2-108_6,M2-108,1122,1158,Secure strap and windless keeper with keeper securing device.,40,40,40,40
M2-108_7,M2-108,1218,1264,Mark time on securing device strap with permanent marker.,41,41,41,41
M2-109_0,M2-109,145,327,Place tourniquet over affected extremity 2-3 inches above wound site.,34,34,34,34
M2-109_1,M2-109,347,470,Pull tourniquet tight.,35,35,35,35
M2-109_2,M2-109,528,590,Apply strap to strap body.,36,36,36,36
M2-109_3,M2-109,592,761,Turn windless clock wise or counter clockwise until hemorrhage is controlled.,37,37,37,37
M2-109_4,M2-109,709,744,Lock windless into the windless keeper.,38,38,38,38
M2-109_5,M2-109,760,896,Pull remaining strap over the windless keeper.,39,39,39,39
M2-109_6,M2-109,928,1050,Turn windless clock wise or counter clockwise until hemorrhage is controlled.,37,37,37,37
M2-109_7,M2-109,1202,1263,Mark time on securing device strap with permanent marker.,41,41,41,41
M2-11_0,M2-11,314,673,Place tourniquet over affected extremity 2-3 inches above wound site.,34,34,34,34
M2-11_1,M2-11,821,912,Pull tourniquet tight.,35,35,35,35
M2-11_2,M2-11,918,970,Apply strap to strap body.,36,36,36,36
M2-11_3,M2-11,1081,1247,Turn windless clock wise or counter clockwise until hemorrhage is controlled.,37,37,37,37
M2-11_4,M2-11,1187,1234,Lock windless into the windless keeper.,38,38,38,38
M2-11_5,M2-11,1246,1361,Pull remaining strap over the windless keeper.,39,39,39,39
M2-11_6,M2-11,1304,1380,Secure strap and windless keeper with keeper securing device.,40,40,40,40
M2-11_7,M2-11,1455,1523,Mark time on securing device strap with permanent marker.,41,41,41,41
M2-110_0,M2-110,200,312,Place tourniquet over affected extremity 2-3 inches above wound site.,34,34,34,34
M2-110_1,M2-110,336,458,Pull tourniquet tight.,35,35,35,35
M2-110_2,M2-110,633,794,Turn windless clock wise or counter clockwise until hemorrhage is controlled.,37,37,37,37
M2-110_3,M2-110,734,777,Lock windless into the windless keeper.,38,38,38,38
M2-110_4,M2-110,783,996,Pull remaining strap over the windless keeper.,39,39,39,39
M2-110_5,M2-110,1004,1037,Secure strap and windless keeper with keeper securing device.,40,40,40,40
M2-110_6,M2-110,1089,1126,Mark time on securing device strap with permanent marker.,41,41,41,41
M2-111_0,M2-111,343,496,Place tourniquet over affected extremity 2-3 inches above wound site.,34,34,34,34
M2-111_1,M2-111,536,716,Pull tourniquet tight.,35,35,35,35
M2-111_2,M2-111,717,770,Apply strap to strap body.,36,36,36,36
M2-111_3,M2-111,786,947,Turn windless clock wise or counter clockwise until hemorrhage is controlled.,37,37,37,37
M2-111_4,M2-111,887,934,Lock windless into the windless keeper.,38,38,38,38
M2-111_5,M2-111,957,1126,Pull remaining strap over the windless keeper.,39,39,39,39
M2-111_6,M2-111,1164,1209,Secure strap and windless keeper with keeper securing device.,40,40,40,40
M2-111_7,M2-111,1221,1294,Mark time on securing device strap with permanent marker.,41,41,41,41
M2-112_0,M2-112,141,396,Place tourniquet over affected extremity 2-3 inches above wound site.,34,34,34,34
M2-112_1,M2-112,469,611,Pull tourniquet tight.,35,35,35,35
M2-112_2,M2-112,655,735,Apply strap to strap body.,36,36,36,36
M2-112_3,M2-112,740,904,Turn windless clock wise or counter clockwise until hemorrhage is controlled.,37,37,37,37
M2-112_4,M2-112,872,913,Lock windless into the windless keeper.,38,38,38,38
M2-112_5,M2-112,915,963,Secure strap and windless keeper with keeper securing device.,40,40,40,40
M2-112_6,M2-112,1019,1056,Mark time on securing device strap with permanent marker.,41,41,41,41
M2-113_0,M2-113,132,505,Place tourniquet over affected extremity 2-3 inches above wound site.,34,34,34,34
M2-113_1,M2-113,506,649,Pull tourniquet tight.,35,35,35,35
M2-113_2,M2-113,753,841,Apply strap to strap body.,36,36,36,36
M2-113_3,M2-113,911,1050,Turn windless clock wise or counter clockwise until hemorrhage is controlled.,37,37,37,37
M2-113_4,M2-113,1034,1064,Pull remaining strap over the windless keeper.,39,39,39,39
M2-113_5,M2-113,1050,1083,Secure strap and windless keeper with keeper securing device.,40,40,40,40
M2-113_6,M2-113,1133,1170,Mark time on securing device strap with permanent marker.,41,41,41,41
M2-114_0,M2-114,158,279,Place tourniquet over affected extremity 2-3 inches above wound site.,34,34,34,34
M2-114_1,M2-114,341,442,Pull tourniquet tight.,35,35,35,35
M2-114_2,M2-114,447,522,Apply strap to strap body.,36,36,36,36
M2-114_3,M2-114,546,682,Turn windless clock wise or counter clockwise until hemorrhage is controlled.,37,37,37,37
M2-114_4,M2-114,641,666,Lock windless into the windless keeper.,38,38,38,38
M2-114_5,M2-114,670,715,Pull remaining strap over the windless keeper.,39,39,39,39
M2-114_6,M2-114,688,767,Secure strap and windless keeper with keeper securing device.,40,40,40,40
M2-114_7,M2-114,797,837,Mark time on securing device strap with permanent marker.,41,41,41,41
M2-115_0,M2-115,210,417,Place tourniquet over affected extremity 2-3 inches above wound site.,34,34,34,34
M2-115_1,M2-115,456,512,Pull tourniquet tight.,35,35,35,35
M2-115_2,M2-115,538,619,Apply strap to strap body.,36,36,36,36
M2-115_3,M2-115,638,735,Turn windless clock wise or counter clockwise until hemorrhage is controlled.,37,37,37,37
M2-115_4,M2-115,705,741,Lock windless into the windless keeper.,38,38,38,38
M2-115_5,M2-115,798,850,Secure strap and windless keeper with keeper securing device.,40,40,40,40
M2-115_6,M2-115,853,893,Mark time on securing device strap with permanent marker.,41,41,41,41
M2-116_0,M2-116,481,889,Place tourniquet over affected extremity 2-3 inches above wound site.,34,34,34,34
M2-116_1,M2-116,951,1046,Pull tourniquet tight.,35,35,35,35
M2-116_2,M2-116,1051,1109,Apply strap to strap body.,36,36,36,36
M2-116_3,M2-116,1148,1267,Turn windless clock wise or counter clockwise until hemorrhage is controlled.,37,37,37,37
M2-116_4,M2-116,1225,1249,Lock windless into the windless keeper.,38,38,38,38
M2-116_5,M2-116,1295,1337,Secure strap and windless keeper with keeper securing device.,40,40,40,40
M2-116_6,M2-116,1355,1396,Mark time on securing device strap with permanent marker.,41,41,41,41
M2-117_0,M2-117,212,514,Place tourniquet over affected extremity 2-3 inches above wound site.,34,34,34,34
M2-117_1,M2-117,517,653,Pull tourniquet tight.,35,35,35,35
M2-117_2,M2-117,654,754,Apply strap to strap body.,36,36,36,36
M2-117_3,M2-117,757,884,Turn windless clock wise or counter clockwise until hemorrhage is controlled.,37,37,37,37
M2-117_4,M2-117,831,871,Lock windless into the windless keeper.,38,38,38,38
M2-117_5,M2-117,885,951,Secure strap and windless keeper with keeper securing device.,40,40,40,40
M2-117_6,M2-117,1024,1074,Mark time on securing device strap with permanent marker.,41,41,41,41
M2-118_0,M2-118,146,480,Place tourniquet over affected extremity 2-3 inches above wound site.,34,34,34,34
M2-118_1,M2-118,571,712,Pull tourniquet tight.,35,35,35,35
M2-118_2,M2-118,720,905,Apply strap to strap body.,36,36,36,36
M2-118_3,M2-118,912,1042,Turn windless clock wise or counter clockwise until hemorrhage is controlled.,37,37,37,37
M2-118_4,M2-118,970,1021,Lock windless into the windless keeper.,38,38,38,38
M2-118_5,M2-118,1064,1102,Secure strap and windless keeper with keeper securing device.,40,40,40,40
M2-118_6,M2-118,1180,1240,Mark time on securing device strap with permanent marker.,41,41,41,41
M2-119_0,M2-119,146,394,Place tourniquet over affected extremity 2-3 inches above wound site.,34,34,34,34
M2-119_1,M2-119,473,585,Pull tourniquet tight.,35,35,35,35
M2-119_2,M2-119,605,691,Apply strap to strap body.,36,36,36,36
M2-119_3,M2-119,741,866,Turn windless clock wise or counter clockwise until hemorrhage is controlled.,37,37,37,37
M2-119_4,M2-119,911,954,Lock windless into the windless keeper.,38,38,38,38
M2-119_5,M2-119,954,984,Secure strap and windless keeper with keeper securing device.,40,40,40,40
M2-119_6,M2-119,1058,1116,Mark time on securing device strap with permanent marker.,41,41,41,41
M2-121_0,M2-121,388,650,Place tourniquet over affected extremity 2-3 inches above wound site.,34,34,34,34
M2-121_1,M2-121,803,943,Pull tourniquet tight.,35,35,35,35
M2-121_2,M2-121,949,1016,Apply strap to strap body.,36,36,36,36
M2-121_3,M2-121,1041,1223,Turn windless clock wise or counter clockwise until hemorrhage is controlled.,37,37,37,37
M2-121_4,M2-121,1194,1226,Lock windless into the windless keeper.,38,38,38,38
M2-121_5,M2-121,1360,1397,Pull remaining strap over the windless keeper.,39,39,39,39
M2-121_6,M2-121,1365,1427,Secure strap and windless keeper with keeper securing device.,40,40,40,40
M2-121_7,M2-121,1462,1523,Mark time on securing device strap with permanent marker.,41,41,41,41
M2-122_0,M2-122,298,472,Place tourniquet over affected extremity 2-3 inches above wound site.,34,34,34,34
M2-122_1,M2-122,552,678,Pull tourniquet tight.,35,35,35,35
M2-122_2,M2-122,706,777,Apply strap to strap body.,36,36,36,36
M2-122_3,M2-122,817,1073,Turn windless clock wise or counter clockwise until hemorrhage is controlled.,37,37,37,37
M2-122_4,M2-122,1052,1102,Lock windless into the windless keeper.,38,38,38,38
M2-122_5,M2-122,1129,1183,Secure strap and windless keeper with keeper securing device.,40,40,40,40
M2-122_6,M2-122,1300,1361,Mark time on securing device strap with permanent marker.,41,41,41,41
M2-123_0,M2-123,277,459,Place tourniquet over affected extremity 2-3 inches above wound site.,34,34,34,34
M2-123_1,M2-123,475,828,Pull tourniquet tight.,35,35,35,35
M2-123_2,M2-123,860,1035,Turn windless clock wise or counter clockwise until hemorrhage is controlled.,37,37,37,37
M2-123_3,M2-123,984,1030,Lock windless into the windless keeper.,38,38,38,38
M2-123_4,M2-123,1052,1088,Secure strap and windless keeper with keeper securing device.,40,40,40,40
M2-123_5,M2-123,1295,1348,Mark time on securing device strap with permanent marker.,41,41,41,41
M2-124_0,M2-124,217,472,Place tourniquet over affected extremity 2-3 inches above wound site.,34,34,34,34
M2-124_1,M2-124,485,606,Pull tourniquet tight.,35,35,35,35
M2-124_2,M2-124,632,695,Apply strap to strap body.,36,36,36,36
M2-124_3,M2-124,744,950,Turn windless clock wise or counter clockwise until hemorrhage is controlled.,37,37,37,37
M2-124_4,M2-124,874,962,Lock windless into the windless keeper.,38,38,38,38
M2-124_5,M2-124,971,1065,Secure strap and windless keeper with keeper securing device.,40,40,40,40
M2-124_6,M2-124,988,1033,Pull remaining strap over the windless keeper.,39,39,39,39
M2-124_7,M2-124,1161,1217,Mark time on securing device strap with permanent marker.,41,41,41,41
M2-125_0,M2-125,442,673,Place tourniquet over affected extremity 2-3 inches above wound site.,34,34,34,34
M2-125_1,M2-125,673,850,Pull tourniquet tight.,35,35,35,35
M2-125_2,M2-125,850,1105,Apply strap to strap body.,36,36,36,36
M2-125_3,M2-125,1113,1232,Turn windless clock wise or counter clockwise until hemorrhage is controlled.,37,37,37,37
M2-125_4,M2-125,1170,1227,Lock windless into the windless keeper.,38,38,38,38
M2-125_5,M2-125,1227,1595,Pull remaining strap over the windless keeper.,39,39,39,39
M2-125_6,M2-125,1596,1635,Secure strap and windless keeper with keeper securing device.,40,40,40,40
M2-125_7,M2-125,1817,1908,Mark time on securing device strap with permanent marker.,41,41,41,41
M2-126_0,M2-126,299,424,Place tourniquet over affected extremity 2-3 inches above wound site.,34,34,34,34
M2-126_1,M2-126,445,693,Pull tourniquet tight.,35,35,35,35
M2-126_2,M2-126,693,836,Apply strap to strap body.,36,36,36,36
M2-126_3,M2-126,848,1323,Turn windless clock wise or counter clockwise until hemorrhage is controlled.,37,37,37,37
M2-126_4,M2-126,1151,1309,Lock windless into the windless keeper.,38,38,38,38
M2-126_5,M2-126,1349,1692,Pull remaining strap over the windless keeper.,39,39,39,39
M2-126_6,M2-126,1707,1764,Secure strap and windless keeper with keeper securing device.,40,40,40,40
M2-126_7,M2-126,1811,1903,Mark time on securing device strap with permanent marker.,41,41,41,41
M2-127_0,M2-127,288,522,Place tourniquet over affected extremity 2-3 inches above wound site.,34,34,34,34
M2-127_1,M2-127,522,681,Pull tourniquet tight.,35,35,35,35
M2-127_2,M2-127,681,756,Apply strap to strap body.,36,36,36,36
M2-127_3,M2-127,888,1617,Turn windless clock wise or counter clockwise until hemorrhage is controlled.,37,37,37,37
M2-127_4,M2-127,1596,1626,Lock windless into the windless keeper.,38,38,38,38
M2-127_5,M2-127,1705,2165,Pull remaining strap over the windless keeper.,39,39,39,39
M2-127_6,M2-127,2176,2214,Secure strap and windless keeper with keeper securing device.,40,40,40,40
M2-127_7,M2-127,2395,2482,Mark time on securing device strap with permanent marker.,41,41,41,41
M2-128_0,M2-128,251,718,Place tourniquet over affected extremity 2-3 inches above wound site.,34,34,34,34
M2-128_1,M2-128,718,953,Pull tourniquet tight.,35,35,35,35
M2-128_2,M2-128,953,1006,Apply strap to strap body.,36,36,36,36
M2-128_3,M2-128,1084,1298,Turn windless clock wise or counter clockwise until hemorrhage is controlled.,37,37,37,37
M2-128_4,M2-128,1240,1294,Lock windless into the windless keeper.,38,38,38,38
M2-128_5,M2-128,1330,1466,Pull remaining strap over the windless keeper.,39,39,39,39
M2-128_6,M2-128,1331,1433,Pull tourniquet tight.,35,35,35,35
M2-128_7,M2-128,1466,1541,Pull remaining strap over the windless keeper.,39,39,39,39
M2-128_8,M2-128,1471,1545,Pull tourniquet tight.,35,35,35,35
M2-128_9,M2-128,1576,1680,Secure strap and windless keeper with keeper securing device.,40,40,40,40
M2-128_10,M2-128,1872,1958,Mark time on securing device strap with permanent marker.,41,41,41,41
M2-130_0,M2-130,295,606,Place tourniquet over affected extremity 2-3 inches above wound site.,34,34,34,34
M2-130_1,M2-130,606,713,Pull tourniquet tight.,35,35,35,35
M2-130_2,M2-130,713,870,Apply strap to strap body.,36,36,36,36
M2-130_3,M2-130,879,1191,Turn windless clock wise or counter clockwise until hemorrhage is controlled.,37,37,37,37
M2-130_4,M2-130,1164,1191,Lock windless into the windless keeper.,38,38,38,38
M2-130_5,M2-130,1214,1400,Pull remaining strap over the windless keeper.,39,39,39,39
M2-130_6,M2-130,1418,1458,Secure strap and windless keeper with keeper securing device.,40,40,40,40
M2-130_7,M2-130,1594,1684,Mark time on securing device strap with permanent marker.,41,41,41,41
M2-131_0,M2-131,228,446,Place tourniquet over affected extremity 2-3 inches above wound site.,34,34,34,34
M2-131_1,M2-131,535,631,Pull tourniquet tight.,35,35,35,35
M2-131_2,M2-131,631,661,Apply strap to strap body.,36,36,36,36
M2-131_3,M2-131,743,1034,Turn windless clock wise or counter clockwise until hemorrhage is controlled.,37,37,37,37
M2-131_4,M2-131,965,1022,Lock windless into the windless keeper.,38,38,38,38
M2-131_5,M2-131,1055,1410,Pull remaining strap over the windless keeper.,39,39,39,39
M2-131_6,M2-131,1431,1491,Secure strap and windless keeper with keeper securing device.,40,40,40,40
M2-131_7,M2-131,1643,1749,Mark time on securing device strap with permanent marker.,41,41,41,41
M2-132_0,M2-132,258,522,Place tourniquet over affected extremity 2-3 inches above wound site.,34,34,34,34
M2-132_1,M2-132,522,710,Pull tourniquet tight.,35,35,35,35
M2-132_2,M2-132,812,906,Apply strap to strap body.,36,36,36,36
M2-132_3,M2-132,939,1184,Turn windless clock wise or counter clockwise until hemorrhage is controlled.,37,37,37,37
M2-132_4,M2-132,1148,1183,Lock windless into the windless keeper.,38,38,38,38
M2-132_5,M2-132,1216,1289,Pull remaining strap over the windless keeper.,39,39,39,39
M2-132_6,M2-132,1302,1436,Secure strap and windless keeper with keeper securing device.,40,40,40,40
M2-132_7,M2-132,1590,1618,Mark time on securing device strap with permanent marker.,41,41,41,41
M2-133_0,M2-133,336,466,Place tourniquet over affected extremity 2-3 inches above wound site.,34,34,34,34
M2-133_1,M2-133,466,646,Pull tourniquet tight.,35,35,35,35
M2-133_2,M2-133,722,1000,Turn windless clock wise or counter clockwise until hemorrhage is controlled.,37,37,37,37
M2-133_3,M2-133,885,975,Lock windless into the windless keeper.,38,38,38,38
M2-133_4,M2-133,1010,1061,Pull remaining strap over the windless keeper.,39,39,39,39
M2-133_5,M2-133,1050,1195,Secure strap and windless keeper with keeper securing device.,40,40,40,40
M2-133_6,M2-133,1421,1458,Mark time on securing device strap with permanent marker.,41,41,41,41
M2-134_0,M2-134,246,446,Place tourniquet over affected extremity 2-3 inches above wound site.,34,34,34,34
M2-134_1,M2-134,446,506,Pull tourniquet tight.,35,35,35,35
M2-134_2,M2-134,554,615,Apply strap to strap body.,36,36,36,36
M2-134_3,M2-134,620,899,Turn windless clock wise or counter clockwise until hemorrhage is controlled.,37,37,37,37
M2-134_4,M2-134,865,891,Lock windless into the windless keeper.,38,38,38,38
M2-134_5,M2-134,923,978,Pull remaining strap over the windless keeper.,39,39,39,39
M2-134_6,M2-134,1001,1070,Secure strap and windless keeper with keeper securing device.,40,40,40,40
M2-134_7,M2-134,1207,1244,Mark time on securing device strap with permanent marker.,41,41,41,41
M2-135_0,M2-135,251,482,Place tourniquet over affected extremity 2-3 inches above wound site.,34,34,34,34
M2-135_1,M2-135,482,637,Pull tourniquet tight.,35,35,35,35
M2-135_2,M2-135,664,869,Turn windless clock wise or counter clockwise until hemorrhage is controlled.,37,37,37,37
M2-135_3,M2-135,773,865,Lock windless into the windless keeper.,38,38,38,38
M2-135_4,M2-135,968,1006,Pull remaining strap over the windless keeper.,39,39,39,39
M2-135_5,M2-135,999,1038,Secure strap and windless keeper with keeper securing device.,40,40,40,40
M2-135_6,M2-135,1240,1281,Mark time on securing device strap with permanent marker.,41,41,41,41
M2-137_0,M2-137,227,419,Place tourniquet over affected extremity 2-3 inches above wound site.,34,34,34,34
M2-137_1,M2-137,419,737,Pull tourniquet tight.,35,35,35,35
M2-137_2,M2-137,748,1038,Turn windless clock wise or counter clockwise until hemorrhage is controlled.,37,37,37,37
M2-137_3,M2-137,923,1035,Lock windless into the windless keeper.,38,38,38,38
M2-137_4,M2-137,1109,1217,Pull remaining strap over the windless keeper.,39,39,39,39
M2-137_5,M2-137,1402,1426,Secure strap and windless keeper with keeper securing device.,40,40,40,40
M2-137_6,M2-137,1693,1725,Mark time on securing device strap with permanent marker.,41,41,41,41
M2-138_0,M2-138,249,601,Place tourniquet over affected extremity 2-3 inches above wound site.,34,34,34,34
M2-138_1,M2-138,601,702,Pull tourniquet tight.,35,35,35,35
M2-138_2,M2-138,797,1107,Apply strap to strap body.,36,36,36,36
M2-138_3,M2-138,859,1063,Turn windless clock wise or counter clockwise until hemorrhage is controlled.,37,37,37,37
M2-138_4,M2-138,993,1038,Lock windless into the windless keeper.,38,38,38,38
M2-138_5,M2-138,1047,1106,Pull remaining strap over the windless keeper.,39,39,39,39
M2-138_6,M2-138,1115,1159,Secure strap and windless keeper with keeper securing device.,40,40,40,40
M2-138_7,M2-138,1409,1445,Mark time on securing device strap with permanent marker.,41,41,41,41
M2-139_0,M2-139,297,516,Place tourniquet over affected extremity 2-3 inches above wound site.,34,34,34,34
M2-139_1,M2-139,516,588,Pull tourniquet tight.,35,35,35,35
M2-139_2,M2-139,749,958,Turn windless clock wise or counter clockwise until hemorrhage is controlled.,37,37,37,37
M2-139_3,M2-139,911,999,Lock windless into the windless keeper.,38,38,38,38
M2-139_4,M2-139,1058,1108,Pull remaining strap over the windless keeper.,39,39,39,39
M2-139_5,M2-139,1117,1188,Secure strap and windless keeper with keeper securing device.,40,40,40,40
M2-139_6,M2-139,1411,1437,Mark time on securing device strap with permanent marker.,41,41,41,41
M2-16_0,M2-16,354,614,Place tourniquet over affected extremity 2-3 inches above wound site.,34,34,34,34
M2-16_1,M2-16,744,849,Pull tourniquet tight.,35,35,35,35
M2-16_2,M2-16,1027,1125,Turn windless clock wise or counter clockwise until hemorrhage is controlled.,37,37,37,37
M2-16_3,M2-16,1106,1161,Lock windless into the windless keeper.,38,38,38,38
M2-16_4,M2-16,1174,1256,Pull remaining strap over the windless keeper.,39,39,39,39
M2-16_5,M2-16,1224,1317,Apply strap to strap body.,36,36,36,36
M2-16_6,M2-16,1459,1521,Mark time on securing device strap with permanent marker.,41,41,41,41
M2-17_0,M2-17,398,721,Place tourniquet over affected extremity 2-3 inches above wound site.,34,34,34,34
M2-17_1,M2-17,823,935,Pull tourniquet tight.,35,35,35,35
M2-17_2,M2-17,951,1018,Apply strap to strap body.,36,36,36,36
M2-17_3,M2-17,1037,1175,Turn windless clock wise or counter clockwise until hemorrhage is controlled.,37,37,37,37
M2-17_4,M2-17,1120,1149,Lock windless into the windless keeper.,38,38,38,38
M2-17_5,M2-17,1186,1332,Pull remaining strap over the windless keeper.,39,39,39,39
M2-17_6,M2-17,1292,1368,Secure strap and windless keeper with keeper securing device.,40,40,40,40
M2-17_7,M2-17,1408,1471,Mark time on securing device strap with permanent marker.,41,41,41,41
M2-18_0,M2-18,235,359,Place tourniquet over affected extremity 2-3 inches above wound site.,34,34,34,34
M2-18_1,M2-18,404,511,Pull tourniquet tight.,35,35,35,35
M2-18_2,M2-18,522,571,Apply strap to strap body.,36,36,36,36
M2-18_3,M2-18,589,753,Turn windless clock wise or counter clockwise until hemorrhage is controlled.,37,37,37,37
M2-18_4,M2-18,758,808,Lock windless into the windless keeper.,38,38,38,38
M2-18_5,M2-18,822,939,Pull remaining strap over the windless keeper.,39,39,39,39
M2-18_6,M2-18,894,951,Secure strap and windless keeper with keeper securing device.,40,40,40,40
M2-19_0,M2-19,374,638,Place tourniquet over affected extremity 2-3 inches above wound site.,34,34,34,34
M2-19_1,M2-19,677,785,Pull tourniquet tight.,35,35,35,35
M2-19_2,M2-19,806,884,Apply strap to strap body.,36,36,36,36
M2-19_3,M2-19,896,1072,Turn windless clock wise or counter clockwise until hemorrhage is controlled.,37,37,37,37
M2-19_4,M2-19,1027,1066,Lock windless into the windless keeper.,38,38,38,38
M2-19_5,M2-19,1165,1333,Pull remaining strap over the windless keeper.,39,39,39,39
M2-19_6,M2-19,1254,1371,Secure strap and windless keeper with keeper securing device.,40,40,40,40
M2-19_7,M2-19,1454,1503,Mark time on securing device strap with permanent marker.,41,41,41,41
M2-2_0,M2-2,331,1034,Place tourniquet over affected extremity 2-3 inches above wound site.,34,34,34,34
M2-2_1,M2-2,1043,1258,Pull tourniquet tight.,35,35,35,35
M2-2_2,M2-2,1306,1391,Apply strap to strap body.,36,36,36,36
M2-2_3,M2-2,1394,1622,Turn windless clock wise or counter clockwise until hemorrhage is controlled.,37,37,37,37
M2-2_4,M2-2,1608,1643,Lock windless into the windless keeper.,38,38,38,38
M2-2_5,M2-2,1629,1726,Secure strap and windless keeper with keeper securing device.,40,40,40,40
M2-2_6,M2-2,1796,1905,Mark time on securing device strap with permanent marker.,41,41,41,41
M2-20_0,M2-20,312,611,Place tourniquet over affected extremity 2-3 inches above wound site.,34,34,34,34
M2-20_1,M2-20,631,811,Pull tourniquet tight.,35,35,35,35
M2-20_2,M2-20,932,1116,Turn windless clock wise or counter clockwise until hemorrhage is controlled.,37,37,37,37
M2-20_3,M2-20,1146,1254,Lock windless into the windless keeper.,38,38,38,38
M2-20_4,M2-20,1152,1260,Secure strap and windless keeper with keeper securing device.,40,40,40,40
M2-20_5,M2-20,1298,1478,Pull remaining strap over the windless keeper.,39,39,39,39
M2-20_6,M2-20,1429,1559,Apply strap to strap body.,36,36,36,36
M2-20_7,M2-20,1660,1719,Mark time on securing device strap with permanent marker.,41,41,41,41
M2-21_0,M2-21,397,796,Place tourniquet over affected extremity 2-3 inches above wound site.,34,34,34,34
M2-21_1,M2-21,850,932,Pull tourniquet tight.,35,35,35,35
M2-21_2,M2-21,939,1020,Apply strap to strap body.,36,36,36,36
M2-21_3,M2-21,1065,1249,Turn windless clock wise or counter clockwise until hemorrhage is controlled.,37,37,37,37
M2-21_4,M2-21,1213,1313,Lock windless into the windless keeper.,38,38,38,38
M2-21_5,M2-21,1318,1448,Pull remaining strap over the windless keeper.,39,39,39,39
M2-21_6,M2-21,1531,1581,Secure strap and windless keeper with keeper securing device.,40,40,40,40
M2-21_7,M2-21,1707,1755,Mark time on securing device strap with permanent marker.,41,41,41,41
M2-22_0,M2-22,397,569,Place tourniquet over affected extremity 2-3 inches above wound site.,34,34,34,34
M2-22_1,M2-22,654,923,Pull tourniquet tight.,35,35,35,35
M2-22_2,M2-22,994,1105,Turn windless clock wise or counter clockwise until hemorrhage is controlled.,37,37,37,37
M2-22_3,M2-22,1082,1121,Lock windless into the windless keeper.,38,38,38,38
M2-22_4,M2-22,1132,1222,Pull remaining strap over the windless keeper.,39,39,39,39
M2-22_5,M2-22,1208,1251,Secure strap and windless keeper with keeper securing device.,40,40,40,40
M2-22_6,M2-22,1308,1372,Mark time on securing device strap with permanent marker.,41,41,41,41
M2-23_0,M2-23,427,754,Place tourniquet over affected extremity 2-3 inches above wound site.,34,34,34,34
M2-23_1,M2-23,876,999,Pull tourniquet tight.,35,35,35,35
M2-23_2,M2-23,1028,1116,Apply strap to strap body.,36,36,36,36
M2-23_3,M2-23,1202,1318,Turn windless clock wise or counter clockwise until hemorrhage is controlled.,37,37,37,37
M2-23_4,M2-23,1266,1292,Lock windless into the windless keeper.,38,38,38,38
M2-23_5,M2-23,1318,1444,Pull remaining strap over the windless keeper.,39,39,39,39
M2-23_6,M2-23,1418,1465,Secure strap and windless keeper with keeper securing device.,40,40,40,40
M2-23_7,M2-23,1525,1598,Mark time on securing device strap with permanent marker.,41,41,41,41
M2-24_0,M2-24,312,556,Place tourniquet over affected extremity 2-3 inches above wound site.,34,34,34,34
M2-24_1,M2-24,649,792,Pull tourniquet tight.,35,35,35,35
M2-24_2,M2-24,793,863,Apply strap to strap body.,36,36,36,36
M2-24_3,M2-24,883,1015,Turn windless clock wise or counter clockwise until hemorrhage is controlled.,37,37,37,37
M2-24_4,M2-24,988,1008,Lock windless into the windless keeper.,38,38,38,38
M2-24_5,M2-24,1056,1205,Pull remaining strap over the windless keeper.,39,39,39,39
M2-24_6,M2-24,1212,1251,Secure strap and windless keeper with keeper securing device.,40,40,40,40
M2-24_7,M2-24,1337,1401,Mark time on securing device strap with permanent marker.,41,41,41,41
M2-25_0,M2-25,307,519,Place tourniquet over affected extremity 2-3 inches above wound site.,34,34,34,34
M2-25_1,M2-25,560,621,Pull tourniquet tight.,35,35,35,35
M2-25_2,M2-25,644,718,Apply strap to strap body.,36,36,36,36
M2-25_3,M2-25,720,793,Turn windless clock wise or counter clockwise until hemorrhage is controlled.,37,37,37,37
M2-25_4,M2-25,806,838,Lock windless into the windless keeper.,38,38,38,38
M2-25_5,M2-25,824,879,Secure strap and windless keeper with keeper securing device.,40,40,40,40
M2-25_6,M2-25,961,1025,Mark time on securing device strap with permanent marker.,41,41,41,41
M2-26_0,M2-26,317,561,Place tourniquet over affected extremity 2-3 inches above wound site.,34,34,34,34
M2-26_1,M2-26,593,750,Pull tourniquet tight.,35,35,35,35
M2-26_2,M2-26,799,951,Apply strap to strap body.,36,36,36,36
M2-26_3,M2-26,960,1152,Turn windless clock wise or counter clockwise until hemorrhage is controlled.,37,37,37,37
M2-26_4,M2-26,1147,1165,Lock windless into the windless keeper.,38,38,38,38
M2-26_5,M2-26,1178,1219,Secure strap and windless keeper with keeper securing device.,40,40,40,40
M2-26_6,M2-26,1287,1377,Mark time on securing device strap with permanent marker.,41,41,41,41
M2-28_0,M2-28,278,519,Place tourniquet over affected extremity 2-3 inches above wound site.,34,34,34,34
M2-28_1,M2-28,555,664,Pull tourniquet tight.,35,35,35,35
M2-28_2,M2-28,675,774,Apply strap to strap body.,36,36,36,36
M2-28_3,M2-28,808,1002,Turn windless clock wise or counter clockwise until hemorrhage is controlled.,37,37,37,37
M2-28_4,M2-28,982,1001,Lock windless into the windless keeper.,38,38,38,38
M2-28_5,M2-28,1042,1151,Secure strap and windless keeper with keeper securing device.,40,40,40,40
M2-28_6,M2-28,1226,1293,Mark time on securing device strap with permanent marker.,41,41,41,41
M2-29_0,M2-29,231,632,Place tourniquet over affected extremity 2-3 inches above wound site.,34,34,34,34
M2-29_1,M2-29,691,759,Pull tourniquet tight.,35,35,35,35
M2-29_2,M2-29,764,873,Apply strap to strap body.,36,36,36,36
M2-29_3,M2-29,876,1008,Turn windless clock wise or counter clockwise until hemorrhage is controlled.,37,37,37,37
M2-29_4,M2-29,966,990,Lock windless into the windless keeper.,38,38,38,38
M2-29_5,M2-29,1036,1119,Secure strap and windless keeper with keeper securing device.,40,40,40,40
M2-29_6,M2-29,1051,1082,Pull remaining strap over the windless keeper.,39,39,39,39
M2-29_7,M2-29,1163,1207,Mark time on securing device strap with permanent marker.,41,41,41,41
M2-3_0,M2-3,396,830,Place tourniquet over affected extremity 2-3 inches above wound site.,34,34,34,34
M2-3_1,M2-3,891,932,Pull tourniquet tight.,35,35,35,35
M2-3_2,M2-3,956,1118,Apply strap to strap body.,36,36,36,36
M2-3_3,M2-3,1146,1346,Turn windless clock wise or counter clockwise until hemorrhage is controlled.,37,37,37,37
M2-3_4,M2-3,1369,1474,Secure strap and windless keeper with keeper securing device.,40,40,40,40
M2-3_5,M2-3,1375,1410,Lock windless into the windless keeper.,38,38,38,38
M2-3_6,M2-3,1562,1631,Mark time on securing device strap with permanent marker.,41,41,41,41
M2-30_0,M2-30,218,472,Place tourniquet over affected extremity 2-3 inches above wound site.,34,34,34,34
M2-30_1,M2-30,490,602,Pull tourniquet tight.,35,35,35,35
M2-30_2,M2-30,619,688,Apply strap to strap body.,36,36,36,36
M2-30_3,M2-30,702,817,Turn windless clock wise or counter clockwise until hemorrhage is controlled.,37,37,37,37
M2-30_4,M2-30,796,823,Lock windless into the windless keeper.,38,38,38,38
M2-30_5,M2-30,832,887,Secure strap and windless keeper with keeper securing device.,40,40,40,40
M2-30_6,M2-30,847,860,Pull remaining strap over the windless keeper.,39,39,39,39
M2-30_7,M2-30,957,1021,Mark time on securing device strap with permanent marker.,41,41,41,41
M2-31_0,M2-31,314,540,Place tourniquet over affected extremity 2-3 inches above wound site.,34,34,34,34
M2-31_1,M2-31,545,672,Pull tourniquet tight.,35,35,35,35
M2-31_2,M2-31,680,794,Apply strap to strap body.,36,36,36,36
M2-31_3,M2-31,815,936,Turn windless clock wise or counter clockwise until hemorrhage is controlled.,37,37,37,37
M2-31_4,M2-31,915,938,Lock windless into the windless keeper.,38,38,38,38
M2-31_5,M2-31,938,1018,Secure strap and windless keeper with keeper securing device.,40,40,40,40
M2-31_6,M2-31,973,987,Pull remaining strap over the windless keeper.,39,39,39,39
M2-31_7,M2-31,1070,1107,Mark time on securing device strap with permanent marker.,41,41,41,41
M2-32_0,M2-32,226,389,Place tourniquet over affected extremity 2-3 inches above wound site.,34,34,34,34
M2-32_1,M2-32,391,517,Pull tourniquet tight.,35,35,35,35
M2-32_2,M2-32,554,604,Apply strap to strap body.,36,36,36,36
M2-32_3,M2-32,607,721,Turn windless clock wise or counter clockwise until hemorrhage is controlled.,37,37,37,37
M2-32_4,M2-32,686,713,Lock windless into the windless keeper.,38,38,38,38
M2-32_5,M2-32,738,768,Secure strap and windless keeper with keeper securing device.,40,40,40,40
M2-32_6,M2-32,841,897,Mark time on securing device strap with permanent marker.,41,41,41,41
M2-33_0,M2-33,213,439,Place tourniquet over affected extremity 2-3 inches above wound site.,34,34,34,34
M2-33_1,M2-33,564,656,Pull tourniquet tight.,35,35,35,35
M2-33_2,M2-33,659,713,Apply strap to strap body.,36,36,36,36
M2-33_3,M2-33,754,1003,Turn windless clock wise or counter clockwise until hemorrhage is controlled.,37,37,37,37
M2-33_4,M2-33,952,997,Lock windless into the windless keeper.,38,38,38,38
M2-33_5,M2-33,1048,1103,Secure strap and windless keeper with keeper securing device.,40,40,40,40
M2-33_6,M2-33,1179,1274,Mark time on securing device strap with permanent marker.,41,41,41,41
M2-34_0,M2-34,150,545,Place tourniquet over affected extremity 2-3 inches above wound site.,34,34,34,34
M2-34_1,M2-34,566,633,Pull tourniquet tight.,35,35,35,35
M2-34_2,M2-34,634,698,Apply strap to strap body.,36,36,36,36
M2-34_3,M2-34,710,912,Turn windless clock wise or counter clockwise until hemorrhage is controlled.,37,37,37,37
M2-34_4,M2-34,863,903,Lock windless into the windless keeper.,38,38,38,38
M2-34_5,M2-34,915,1008,Secure strap and windless keeper with keeper securing device.,40,40,40,40
M2-34_6,M2-34,1078,1164,Mark time on securing device strap with permanent marker.,41,41,41,41
M2-36_0,M2-36,161,379,Place tourniquet over affected extremity 2-3 inches above wound site.,34,34,34,34
M2-36_1,M2-36,382,430,Pull tourniquet tight.,35,35,35,35
M2-36_2,M2-36,432,527,Apply strap to strap body.,36,36,36,36
M2-36_3,M2-36,530,788,Turn windless clock wise or counter clockwise until hemorrhage is controlled.,37,37,37,37
M2-36_4,M2-36,766,800,Lock windless into the windless keeper.,38,38,38,38
M2-36_5,M2-36,825,874,Secure strap and windless keeper with keeper securing device.,40,40,40,40
M2-36_6,M2-36,1042,1097,Mark time on securing device strap with permanent marker.,41,41,41,41
M2-37_0,M2-37,147,352,Place tourniquet over affected extremity 2-3 inches above wound site.,34,34,34,34
M2-37_1,M2-37,418,438,Pull tourniquet tight.,35,35,35,35
M2-37_2,M2-37,441,553,Apply strap to strap body.,36,36,36,36
M2-37_3,M2-37,570,972,Turn windless clock wise or counter clockwise until hemorrhage is controlled.,37,37,37,37
M2-37_4,M2-37,957,975,Lock windless into the windless keeper.,38,38,38,38
M2-37_5,M2-37,1258,1374,Mark time on securing device strap with permanent marker.,41,41,41,41
M2-38_0,M2-38,162,387,Place tourniquet over affected extremity 2-3 inches above wound site.,34,34,34,34
M2-38_1,M2-38,391,462,Pull tourniquet tight.,35,35,35,35
M2-38_2,M2-38,465,598,Apply strap to strap body.,36,36,36,36
M2-38_3,M2-38,608,838,Turn windless clock wise or counter clockwise until hemorrhage is controlled.,37,37,37,37
M2-38_4,M2-38,800,835,Lock windless into the windless keeper.,38,38,38,38
M2-38_5,M2-38,856,916,Secure strap and windless keeper with keeper securing device.,40,40,40,40
M2-38_6,M2-38,1043,1130,Mark time on securing device strap with permanent marker.,41,41,41,41
M2-39_0,M2-39,202,560,Place tourniquet over affected extremity 2-3 inches above wound site.,34,34,34,34
M2-39_1,M2-39,683,740,Pull tourniquet tight.,35,35,35,35
M2-39_2,M2-39,743,831,Apply strap to strap body.,36,36,36,36
M2-39_3,M2-39,836,984,Turn windless clock wise or counter clockwise until hemorrhage is controlled.,37,37,37,37
M2-39_4,M2-39,959,980,Lock windless into the windless keeper.,38,38,38,38
M2-39_5,M2-39,1005,1041,Secure strap and windless keeper with keeper securing device.,40,40,40,40
M2-39_6,M2-39,1148,1255,Mark time on securing device strap with permanent marker.,41,41,41,41
M2-4_0,M2-4,407,742,Place tourniquet over affected extremity 2-3 inches above wound site.,34,34,34,34
M2-4_1,M2-4,790,879,Pull tourniquet tight.,35,35,35,35
M2-4_2,M2-4,992,1170,Turn windless clock wise or counter clockwise until hemorrhage is controlled.,37,37,37,37
M2-4_3,M2-4,1145,1170,Lock windless into the windless keeper.,38,38,38,38
M2-4_4,M2-4,1233,1280,Secure strap and windless keeper with keeper securing device.,40,40,40,40
M2-4_5,M2-4,1295,1336,Apply strap to strap body.,36,36,36,36
M2-4_6,M2-4,1433,1492,Mark time on securing device strap with permanent marker.,41,41,41,41
M2-40_0,M2-40,162,500,Place tourniquet over affected extremity 2-3 inches above wound site.,34,34,34,34
M2-40_1,M2-40,603,723,Pull tourniquet tight.,35,35,35,35
M2-40_2,M2-40,740,786,Apply strap to strap body.,36,36,36,36
M2-40_3,M2-40,793,1012,Turn windless clock wise or counter clockwise until hemorrhage is controlled.,37,37,37,37
M2-40_4,M2-40,972,1002,Lock windless into the windless keeper.,38,38,38,38
M2-40_5,M2-40,1028,1108,Secure strap and windless keeper with keeper securing device.,40,40,40,40
M2-40_6,M2-40,1246,1347,Mark time on securing device strap with permanent marker.,41,41,41,41
M2-41_0,M2-41,212,440,Place tourniquet over affected extremity 2-3 inches above wound site.,34,34,34,34
M2-41_1,M2-41,454,870,Pull tourniquet tight.,35,35,35,35
M2-41_2,M2-41,892,977,Apply strap to strap body.,36,36,36,36
M2-41_3,M2-41,1079,1258,Turn windless clock wise or counter clockwise until hemorrhage is controlled.,37,37,37,37
M2-41_4,M2-41,1196,1231,Lock windless into the windless keeper.,38,38,38,38
M2-41_5,M2-41,1261,1314,Secure strap and windless keeper with keeper securing device.,40,40,40,40
M2-41_6,M2-41,1394,1491,Mark time on securing device strap with permanent marker.,41,41,41,41
M2-43_0,M2-43,205,349,Place tourniquet over affected extremity 2-3 inches above wound site.,34,34,34,34
M2-43_1,M2-43,461,696,Pull tourniquet tight.,35,35,35,35
M2-43_2,M2-43,708,1243,Apply strap to strap body.,36,36,36,36
M2-43_3,M2-43,1243,1343,Turn windless clock wise or counter clockwise until hemorrhage is controlled.,37,37,37,37
M2-43_4,M2-43,1298,1333,Lock windless into the windless keeper.,38,38,38,38
M2-43_5,M2-43,1365,1524,Secure strap and windless keeper with keeper securing device.,40,40,40,40
M2-43_6,M2-43,1634,1727,Mark time on securing device strap with permanent marker.,41,41,41,41
M2-44_0,M2-44,152,340,Place tourniquet over affected extremity 2-3 inches above wound site.,34,34,34,34
M2-44_1,M2-44,342,485,Pull tourniquet tight.,35,35,35,35
M2-44_2,M2-44,487,1175,Apply strap to strap body.,36,36,36,36
M2-44_3,M2-44,1175,1377,Turn windless clock wise or counter clockwise until hemorrhage is controlled.,37,37,37,37
M2-44_4,M2-44,1324,1374,Lock windless into the windless keeper.,38,38,38,38
M2-44_5,M2-44,1385,1433,Secure strap and windless keeper with keeper securing device.,40,40,40,40
M2-44_6,M2-44,1514,1606,Mark time on securing device strap with permanent marker.,41,41,41,41
M2-45_0,M2-45,378,724,Place tourniquet over affected extremity 2-3 inches above wound site.,34,34,34,34
M2-45_1,M2-45,787,1074,Pull tourniquet tight.,35,35,35,35
M2-45_2,M2-45,1125,1178,Apply strap to strap body.,36,36,36,36
M2-45_3,M2-45,1218,1404,Turn windless clock wise or counter clockwise until hemorrhage is controlled.,37,37,37,37
M2-45_4,M2-45,1370,1400,Lock windless into the windless keeper.,38,38,38,38
M2-45_5,M2-45,1423,1527,Secure strap and windless keeper with keeper securing device.,40,40,40,40
M2-46_0,M2-46,284,406,Place tourniquet over affected extremity 2-3 inches above wound site.,34,34,34,34
M2-46_1,M2-46,498,606,Pull tourniquet tight.,35,35,35,35
M2-46_2,M2-46,613,782,Apply strap to strap body.,36,36,36,36
M2-46_3,M2-46,793,953,Turn windless clock wise or counter clockwise until hemorrhage is controlled.,37,37,37,37
M2-46_4,M2-46,922,956,Lock windless into the windless keeper.,38,38,38,38
M2-46_5,M2-46,971,1030,Secure strap and windless keeper with keeper securing device.,40,40,40,40
M2-47_0,M2-47,279,418,Place tourniquet over affected extremity 2-3 inches above wound site.,34,34,34,34
M2-47_1,M2-47,418,538,Pull tourniquet tight.,35,35,35,35
M2-47_2,M2-47,538,667,Apply strap to strap body.,36,36,36,36
M2-47_3,M2-47,667,844,Turn windless clock wise or counter clockwise until hemorrhage is controlled.,37,37,37,37
M2-47_4,M2-47,825,836,Lock windless into the windless keeper.,38,38,38,38
M2-47_5,M2-47,884,912,Pull remaining strap over the windless keeper.,39,39,39,39
M2-47_6,M2-47,927,963,Secure strap and windless keeper with keeper securing device.,40,40,40,40
M2-48_0,M2-48,245,459,Place tourniquet over affected extremity 2-3 inches above wound site.,34,34,34,34
M2-48_1,M2-48,459,696,Pull tourniquet tight.,35,35,35,35
M2-48_2,M2-48,714,810,Apply strap to strap body.,36,36,36,36
M2-48_3,M2-48,845,981,Turn windless clock wise or counter clockwise until hemorrhage is controlled.,37,37,37,37
M2-48_4,M2-48,939,973,Lock windless into the windless keeper.,38,38,38,38
M2-48_5,M2-48,981,1011,Secure strap and windless keeper with keeper securing device.,40,40,40,40
M2-49_0,M2-49,255,409,Place tourniquet over affected extremity 2-3 inches above wound site.,34,34,34,34
M2-49_1,M2-49,409,593,Pull tourniquet tight.,35,35,35,35
M2-49_2,M2-49,662,692,Apply strap to strap body.,36,36,36,36
M2-49_3,M2-49,713,978,Turn windless clock wise or counter clockwise until hemorrhage is controlled.,37,37,37,37
M2-49_4,M2-49,912,951,Lock windless into the windless keeper.,38,38,38,38
M2-49_5,M2-49,974,1028,Pull remaining strap over the windless keeper.,39,39,39,39
M2-49_6,M2-49,988,1081,Secure strap and windless keeper with keeper securing device.,40,40,40,40
M2-49_7,M2-49,1187,1206,Mark time on securing device strap with permanent marker.,41,41,41,41
M2-5_0,M2-5,329,480,Place tourniquet over affected extremity 2-3 inches above wound site.,34,34,34,34
M2-5_1,M2-5,552,612,Pull tourniquet tight.,35,35,35,35
M2-5_2,M2-5,625,683,Apply strap to strap body.,36,36,36,36
M2-5_3,M2-5,749,906,Turn windless clock wise or counter clockwise until hemorrhage is controlled.,37,37,37,37
M2-5_4,M2-5,878,918,Lock windless into the windless keeper.,38,38,38,38
M2-5_5,M2-5,925,951,Pull remaining strap over the windless keeper.,39,39,39,39
M2-5_6,M2-5,992,1059,Secure strap and windless keeper with keeper securing device.,40,40,40,40
M2-5_7,M2-5,1167,1219,Mark time on securing device strap with permanent marker.,41,41,41,41
M2-50_0,M2-50,245,526,Place tourniquet over affected extremity 2-3 inches above wound site.,34,34,34,34
M2-50_1,M2-50,546,630,Pull tourniquet tight.,35,35,35,35
M2-50_2,M2-50,630,725,Apply strap to strap body.,36,36,36,36
M2-50_3,M2-50,740,1062,Turn windless clock wise or counter clockwise until hemorrhage is controlled.,37,37,37,37
M2-50_4,M2-50,1032,1047,Lock windless into the windless keeper.,38,38,38,38
M2-50_5,M2-50,1054,1096,Pull remaining strap over the windless keeper.,39,39,39,39
M2-50_6,M2-50,1114,1149,Secure strap and windless keeper with keeper securing device.,40,40,40,40
M2-50_7,M2-50,1257,1311,Mark time on securing device strap with permanent marker.,41,41,41,41
M2-51_0,M2-51,233,440,Place tourniquet over affected extremity 2-3 inches above wound site.,34,34,34,34
M2-51_1,M2-51,440,501,Pull tourniquet tight.,35,35,35,35
M2-51_2,M2-51,527,668,Apply strap to strap body.,36,36,36,36
M2-51_3,M2-51,689,1057,Turn windless clock wise or counter clockwise until hemorrhage is controlled.,37,37,37,37
M2-51_4,M2-51,988,1045,Lock windless into the windless keeper.,38,38,38,38
M2-51_5,M2-51,1057,1083,Pull remaining strap over the windless keeper.,39,39,39,39
M2-51_6,M2-51,1096,1182,Secure strap and windless keeper with keeper securing device.,40,40,40,40
M2-51_7,M2-51,1330,1371,Mark time on securing device strap with permanent marker.,41,41,41,41
M2-52_0,M2-52,286,457,Place tourniquet over affected extremity 2-3 inches above wound site.,34,34,34,34
M2-52_1,M2-52,500,608,Pull tourniquet tight.,35,35,35,35
M2-52_2,M2-52,643,737,Apply strap to strap body.,36,36,36,36
M2-52_3,M2-52,750,1057,Turn windless clock wise or counter clockwise until hemorrhage is controlled.,37,37,37,37
M2-52_4,M2-52,992,1011,Lock windless into the windless keeper.,38,38,38,38
M2-52_5,M2-52,1020,1047,Pull remaining strap over the windless keeper.,39,39,39,39
M2-52_6,M2-52,1057,1107,Secure strap and windless keeper with keeper securing device.,40,40,40,40
M2-52_7,M2-52,1228,1299,Mark time on securing device strap with permanent marker.,41,41,41,41
M2-53_0,M2-53,224,419,Place tourniquet over affected extremity 2-3 inches above wound site.,34,34,34,34
M2-53_1,M2-53,419,540,Pull tourniquet tight.,35,35,35,35
M2-53_2,M2-53,540,729,Apply strap to strap body.,36,36,36,36
M2-53_3,M2-53,788,1006,Turn windless clock wise or counter clockwise until hemorrhage is controlled.,37,37,37,37
M2-53_4,M2-53,975,1005,Lock windless into the windless keeper.,38,38,38,38
M2-53_5,M2-53,1019,1065,Pull remaining strap over the windless keeper.,39,39,39,39
M2-53_6,M2-53,1080,1151,Secure strap and windless keeper with keeper securing device.,40,40,40,40
M2-53_7,M2-53,1260,1331,Mark time on securing device strap with permanent marker.,41,41,41,41
M2-54_0,M2-54,223,445,Place tourniquet over affected extremity 2-3 inches above wound site.,34,34,34,34
M2-54_1,M2-54,445,565,Pull tourniquet tight.,35,35,35,35
M2-54_2,M2-54,565,667,Apply strap to strap body.,36,36,36,36
M2-54_3,M2-54,686,811,Turn windless clock wise or counter clockwise until hemorrhage is controlled.,37,37,37,37
M2-54_4,M2-54,795,812,Lock windless into the windless keeper.,38,38,38,38
M2-54_5,M2-54,824,866,Pull remaining strap over the windless keeper.,39,39,39,39
M2-54_6,M2-54,908,964,Secure strap and windless keeper with keeper securing device.,40,40,40,40
M2-54_7,M2-54,1055,1135,Mark time on securing device strap with permanent marker.,41,41,41,41
M2-57_0,M2-57,238,651,Place tourniquet over affected extremity 2-3 inches above wound site.,34,34,34,34
M2-57_1,M2-57,651,776,Pull tourniquet tight.,35,35,35,35
M2-57_2,M2-57,788,1229,Apply strap to strap body.,36,36,36,36
M2-57_3,M2-57,1229,1467,Turn windless clock wise or counter clockwise until hemorrhage is controlled.,37,37,37,37
M2-57_4,M2-57,1414,1467,Lock windless into the windless keeper.,38,38,38,38
M2-57_5,M2-57,1499,1678,Secure strap and windless keeper with keeper securing device.,40,40,40,40
M2-57_6,M2-57,1927,2063,Mark time on securing device strap with permanent marker.,41,41,41,41
M2-58_0,M2-58,198,434,Place tourniquet over affected extremity 2-3 inches above wound site.,34,34,34,34
M2-58_1,M2-58,434,690,Pull tourniquet tight.,35,35,35,35
M2-58_2,M2-58,690,753,Apply strap to strap body.,36,36,36,36
M2-58_3,M2-58,756,873,Turn windless clock wise or counter clockwise until hemorrhage is controlled.,37,37,37,37
M2-58_4,M2-58,844,873,Lock windless into the windless keeper.,38,38,38,38
M2-58_5,M2-58,899,1013,Secure strap and windless keeper with keeper securing device.,40,40,40,40
M2-58_6,M2-58,1121,1219,Mark time on securing device strap with permanent marker.,41,41,41,41
M2-59_0,M2-59,184,453,Place tourniquet over affected extremity 2-3 inches above wound site.,34,34,34,34
M2-59_1,M2-59,453,570,Pull tourniquet tight.,35,35,35,35
M2-59_2,M2-59,576,622,Apply strap to strap body.,36,36,36,36
M2-59_3,M2-59,638,815,Turn windless clock wise or counter clockwise until hemorrhage is controlled.,37,37,37,37
M2-59_4,M2-59,765,814,Lock windless into the windless keeper.,38,38,38,38
M2-59_5,M2-59,844,876,Secure strap and windless keeper with keeper securing device.,40,40,40,40
M2-59_6,M2-59,996,1111,Mark time on securing device strap with permanent marker.,41,41,41,41
M2-60_0,M2-60,311,341,Place tourniquet over affected extremity 2-3 inches above wound site.,34,34,34,34
M2-60_1,M2-60,407,537,Pull tourniquet tight.,35,35,35,35
M2-60_2,M2-60,698,787,Apply strap to strap body.,36,36,36,36
M2-60_3,M2-60,799,977,Turn windless clock wise or counter clockwise until hemorrhage is controlled.,37,37,37,37
M2-60_4,M2-60,940,977,Lock windless into the windless keeper.,38,38,38,38
M2-60_5,M2-60,992,1098,Pull remaining strap over the windless keeper.,39,39,39,39
M2-60_6,M2-60,1048,1116,Secure strap and windless keeper with keeper securing device.,40,40,40,40
M2-60_7,M2-60,1201,1232,Mark time on securing device strap with permanent marker.,41,41,41,41
M2-61_0,M2-61,251,466,Place tourniquet over affected extremity 2-3 inches above wound site.,34,34,34,34
M2-61_1,M2-61,466,641,Pull tourniquet tight.,35,35,35,35
M2-61_2,M2-61,819,849,Apply strap to strap body.,36,36,36,36
M2-61_3,M2-61,868,1039,Turn windless clock wise or counter clockwise until hemorrhage is controlled.,37,37,37,37
M2-61_4,M2-61,965,1037,Lock windless into the windless keeper.,38,38,38,38
M2-61_5,M2-61,1052,1106,Pull remaining strap over the windless keeper.,39,39,39,39
M2-61_6,M2-61,1124,1196,Secure strap and windless keeper with keeper securing device.,40,40,40,40
M2-61_7,M2-61,1357,1391,Mark time on securing device strap with permanent marker.,41,41,41,41
M2-62_0,M2-62,228,439,Place tourniquet over affected extremity 2-3 inches above wound site.,34,34,34,34
M2-62_1,M2-62,439,648,Pull tourniquet tight.,35,35,35,35
M2-62_2,M2-62,908,1109,Turn windless clock wise or counter clockwise until hemorrhage is controlled.,37,37,37,37
M2-62_3,M2-62,1055,1085,Lock windless into the windless keeper.,38,38,38,38
M2-62_4,M2-62,1124,1273,Pull remaining strap over the windless keeper.,39,39,39,39
M2-62_5,M2-62,1129,1273,Apply strap to strap body.,36,36,36,36
M2-62_6,M2-62,1294,1341,Secure strap and windless keeper with keeper securing device.,40,40,40,40
M2-62_7,M2-62,1435,1482,Mark time on securing device strap with permanent marker.,41,41,41,41
M2-63_0,M2-63,238,692,Place tourniquet over affected extremity 2-3 inches above wound site.,34,34,34,34
M2-63_1,M2-63,692,920,Pull tourniquet tight.,35,35,35,35
M2-63_2,M2-63,1162,1337,Turn windless clock wise or counter clockwise until hemorrhage is controlled.,37,37,37,37
M2-63_3,M2-63,1257,1337,Lock windless into the windless keeper.,38,38,38,38
M2-63_4,M2-63,1363,1444,Pull remaining strap over the windless keeper.,39,39,39,39
M2-63_5,M2-63,1369,1490,Secure strap and windless keeper with keeper securing device.,40,40,40,40
M2-63_6,M2-63,1642,1677,Mark time on securing device strap with permanent marker.,41,41,41,41
M2-64_0,M2-64,226,756,Place tourniquet over affected extremity 2-3 inches above wound site.,34,34,34,34
M2-64_1,M2-64,756,1160,Pull tourniquet tight.,35,35,35,35
M2-64_2,M2-64,1189,1348,Turn windless clock wise or counter clockwise until hemorrhage is controlled.,37,37,37,37
M2-64_3,M2-64,1319,1348,Lock windless into the windless keeper.,38,38,38,38
M2-64_4,M2-64,1368,1439,Pull remaining strap over the windless keeper.,39,39,39,39
M2-64_5,M2-64,1461,1510,Secure strap and windless keeper with keeper securing device.,40,40,40,40
M2-64_6,M2-64,1653,1698,Mark time on securing device strap with permanent marker.,41,41,41,41
M2-65_0,M2-65,362,594,Place tourniquet over affected extremity 2-3 inches above wound site.,34,34,34,34
M2-65_1,M2-65,594,778,Pull tourniquet tight.,35,35,35,35
M2-65_2,M2-65,997,1098,Apply strap to strap body.,36,36,36,36
M2-65_3,M2-65,1106,1314,Turn windless clock wise or counter clockwise until hemorrhage is controlled.,37,37,37,37
M2-65_4,M2-65,1267,1354,Lock windless into the windless keeper.,38,38,38,38
M2-65_5,M2-65,1369,1469,Secure strap and windless keeper with keeper securing device.,40,40,40,40
M2-65_6,M2-65,1379,1429,Pull remaining strap over the windless keeper.,39,39,39,39
M2-65_7,M2-65,1705,1771,Mark time on securing device strap with permanent marker.,41,41,41,41
M2-66_0,M2-66,351,550,Place tourniquet over affected extremity 2-3 inches above wound site.,34,34,34,34
M2-66_1,M2-66,550,645,Pull tourniquet tight.,35,35,35,35
M2-66_2,M2-66,769,1216,Apply strap to strap body.,36,36,36,36
M2-66_3,M2-66,999,1145,Turn windless clock wise or counter clockwise until hemorrhage is controlled.,37,37,37,37
M2-66_4,M2-66,1092,1143,Lock windless into the windless keeper.,38,38,38,38
M2-66_5,M2-66,1162,1225,Pull remaining strap over the windless keeper.,39,39,39,39
M2-66_6,M2-66,1216,1272,Secure strap and windless keeper with keeper securing device.,40,40,40,40
M2-66_7,M2-66,1449,1550,Mark time on securing device strap with permanent marker.,41,41,41,41
M2-67_0,M2-67,355,522,Place tourniquet over affected extremity 2-3 inches above wound site.,34,34,34,34
M2-67_1,M2-67,522,641,Pull tourniquet tight.,35,35,35,35
M2-67_2,M2-67,774,1009,Apply strap to strap body.,36,36,36,36
M2-67_3,M2-67,1009,1239,Turn windless clock wise or counter clockwise until hemorrhage is controlled.,37,37,37,37
M2-67_4,M2-67,1205,1235,Lock windless into the windless keeper.,38,38,38,38
M2-67_5,M2-67,1249,1328,Pull remaining strap over the windless keeper.,39,39,39,39
M2-67_6,M2-67,1348,1393,Secure strap and windless keeper with keeper securing device.,40,40,40,40
M2-67_7,M2-67,1571,1664,Mark time on securing device strap with permanent marker.,41,41,41,41
M2-68_0,M2-68,313,707,Place tourniquet over affected extremity 2-3 inches above wound site.,34,34,34,34
M2-68_1,M2-68,707,824,Pull tourniquet tight.,35,35,35,35
M2-68_2,M2-68,948,1091,Apply strap to strap body.,36,36,36,36
M2-68_3,M2-68,1091,1205,Turn windless clock wise or counter clockwise until hemorrhage is controlled.,37,37,37,37
M2-68_4,M2-68,1157,1186,Lock windless into the windless keeper.,38,38,38,38
M2-68_5,M2-68,1196,1306,Pull remaining strap over the windless keeper.,39,39,39,39
M2-68_6,M2-68,1317,1359,Secure strap and windless keeper with keeper securing device.,40,40,40,40
M2-68_7,M2-68,1526,1629,Mark time on securing device strap with permanent marker.,41,41,41,41
M2-69_0,M2-69,393,600,Place tourniquet over affected extremity 2-3 inches above wound site.,34,34,34,34
M2-69_1,M2-69,600,685,Pull tourniquet tight.,35,35,35,35
M2-69_2,M2-69,1131,1355,Turn windless clock wise or counter clockwise until hemorrhage is controlled.,37,37,37,37
M2-69_3,M2-69,1323,1354,Lock windless into the windless keeper.,38,38,38,38
M2-69_4,M2-69,1373,1427,Pull remaining strap over the windless keeper.,39,39,39,39
M2-69_5,M2-69,1444,1484,Secure strap and windless keeper with keeper securing device.,40,40,40,40
M2-69_6,M2-69,1683,1773,Mark time on securing device strap with permanent marker.,41,41,41,41
M2-7_0,M2-7,398,936,Place tourniquet over affected extremity 2-3 inches above wound site.,34,34,34,34
M2-7_1,M2-7,1082,1148,Pull tourniquet tight.,35,35,35,35
M2-7_2,M2-7,1152,1205,Apply strap to strap body.,36,36,36,36
M2-7_3,M2-7,1243,1404,Turn windless clock wise or counter clockwise until hemorrhage is controlled.,37,37,37,37
M2-7_4,M2-7,1361,1423,Lock windless into the windless keeper.,38,38,38,38
M2-7_5,M2-7,1428,1513,Pull remaining strap over the windless keeper.,39,39,39,39
M2-7_6,M2-7,1468,1523,Secure strap and windless keeper with keeper securing device.,40,40,40,40
M2-7_7,M2-7,1616,1673,Mark time on securing device strap with permanent marker.,41,41,41,41
M2-70_0,M2-70,550,860,Place tourniquet over affected extremity 2-3 inches above wound site.,34,34,34,34
M2-70_1,M2-70,1177,1293,Pull tourniquet tight.,35,35,35,35
M2-70_2,M2-70,1305,1482,Apply strap to strap body.,36,36,36,36
M2-70_3,M2-70,1487,1660,Turn windless clock wise or counter clockwise until hemorrhage is controlled.,37,37,37,37
M2-70_4,M2-70,1632,1710,Lock windless into the windless keeper.,38,38,38,38
M2-70_5,M2-70,1831,1937,Secure strap and windless keeper with keeper securing device.,40,40,40,40
M2-70_6,M2-70,1855,1891,Lock windless into the windless keeper.,38,38,38,38
M2-71_0,M2-71,427,672,Place tourniquet over affected extremity 2-3 inches above wound site.,34,34,34,34
M2-71_1,M2-71,866,1048,Pull tourniquet tight.,35,35,35,35
M2-71_2,M2-71,1073,1140,Apply strap to strap body.,36,36,36,36
M2-71_3,M2-71,1327,1527,Turn windless clock wise or counter clockwise until hemorrhage is controlled.,37,37,37,37
M2-71_4,M2-71,1544,1574,Lock windless into the windless keeper.,38,38,38,38
M2-71_5,M2-71,1597,1695,Pull remaining strap over the windless keeper.,39,39,39,39
M2-71_6,M2-71,1714,1810,Secure strap and windless keeper with keeper securing device.,40,40,40,40
M2-71_7,M2-71,1899,1973,Mark time on securing device strap with permanent marker.,41,41,41,41
M2-72_0,M2-72,422,1236,Place tourniquet over affected extremity 2-3 inches above wound site.,34,34,34,34
M2-72_1,M2-72,1372,1460,Pull tourniquet tight.,35,35,35,35
M2-72_2,M2-72,1465,1514,Apply strap to strap body.,36,36,36,36
M2-72_3,M2-72,1625,1878,Turn windless clock wise or counter clockwise until hemorrhage is controlled.,37,37,37,37
M2-72_4,M2-72,1893,1906,Lock windless into the windless keeper.,38,38,38,38
M2-72_5,M2-72,1907,2000,Pull remaining strap over the windless keeper.,39,39,39,39
M2-72_6,M2-72,2055,2130,Secure strap and windless keeper with keeper securing device.,40,40,40,40
M2-72_7,M2-72,2222,2298,Mark time on securing device strap with permanent marker.,41,41,41,41
M2-73_0,M2-73,367,828,Place tourniquet over affected extremity 2-3 inches above wound site.,34,34,34,34
M2-73_1,M2-73,833,996,Pull tourniquet tight.,35,35,35,35
M2-73_2,M2-73,998,1118,Apply strap to strap body.,36,36,36,36
M2-73_3,M2-73,1132,1466,Turn windless clock wise or counter clockwise until hemorrhage is controlled.,37,37,37,37
M2-73_4,M2-73,1431,1466,Lock windless into the windless keeper.,38,38,38,38
M2-73_5,M2-73,1476,1586,Secure strap and windless keeper with keeper securing device.,40,40,40,40
M2-73_6,M2-73,1501,1564,Pull remaining strap over the windless keeper.,39,39,39,39
M2-73_7,M2-73,1703,1782,Mark time on securing device strap with permanent marker.,41,41,41,41
M2-74_0,M2-74,293,888,Place tourniquet over affected extremity 2-3 inches above wound site.,34,34,34,34
M2-74_1,M2-74,1079,1198,Pull tourniquet tight.,35,35,35,35
M2-74_2,M2-74,1205,1359,Apply strap to strap body.,36,36,36,36
M2-74_3,M2-74,1390,1624,Turn windless clock wise or counter clockwise until hemorrhage is controlled.,37,37,37,37
M2-74_4,M2-74,1568,1618,Lock windless into the windless keeper.,38,38,38,38
M2-74_5,M2-74,1650,1794,Pull remaining strap over the windless keeper.,39,39,39,39
M2-74_6,M2-74,1813,1880,Secure strap and windless keeper with keeper securing device.,40,40,40,40
M2-74_7,M2-74,1979,2046,Mark time on securing device strap with permanent marker.,41,41,41,41
M2-75_0,M2-75,288,1097,Place tourniquet over affected extremity 2-3 inches above wound site.,34,34,34,34
M2-75_1,M2-75,1127,1202,Pull tourniquet tight.,35,35,35,35
M2-75_2,M2-75,1215,1508,Apply strap to strap body.,36,36,36,36
M2-75_3,M2-75,1522,1615,Turn windless clock wise or counter clockwise until hemorrhage is controlled.,37,37,37,37
M2-75_4,M2-75,1613,1654,Lock windless into the windless keeper.,38,38,38,38
M2-75_5,M2-75,1717,1999,Pull remaining strap over the windless keeper.,39,39,39,39
M2-75_6,M2-75,2002,2093,Secure strap and windless keeper with keeper securing device.,40,40,40,40
M2-75_7,M2-75,2117,2200,Mark time on securing device strap with permanent marker.,41,41,41,41
M2-77_0,M2-77,157,325,Place tourniquet over affected extremity 2-3 inches above wound site.,34,34,34,34
M2-77_1,M2-77,393,546,Pull tourniquet tight.,35,35,35,35
M2-77_2,M2-77,580,702,Apply strap to strap body.,36,36,36,36
M2-77_3,M2-77,716,837,Turn windless clock wise or counter clockwise until hemorrhage is controlled.,37,37,37,37
M2-77_4,M2-77,808,876,Lock windless into the windless keeper.,38,38,38,38
M2-77_5,M2-77,905,1014,Pull remaining strap over the windless keeper.,39,39,39,39
M2-77_6,M2-77,1027,1107,Secure strap and windless keeper with keeper securing device.,40,40,40,40
M2-77_7,M2-77,1125,1192,Mark time on securing device strap with permanent marker.,41,41,41,41
M2-79_0,M2-79,290,531,Place tourniquet over affected extremity 2-3 inches above wound site.,34,34,34,34
M2-79_1,M2-79,590,717,Pull tourniquet tight.,35,35,35,35
M2-79_2,M2-79,723,885,Apply strap to strap body.,36,36,36,36
M2-79_3,M2-79,914,1122,Turn windless clock wise or counter clockwise until hemorrhage is controlled.,37,37,37,37
M2-79_4,M2-79,1126,1164,Lock windless into the windless keeper.,38,38,38,38
M2-79_5,M2-79,1145,1229,Secure strap and windless keeper with keeper securing device.,40,40,40,40
M2-79_6,M2-79,1189,1219,Pull remaining strap over the windless keeper.,39,39,39,39
M2-79_7,M2-79,1281,1349,Mark time on securing device strap with permanent marker.,41,41,41,41
M2-8_0,M2-8,331,690,Place tourniquet over affected extremity 2-3 inches above wound site.,34,34,34,34
M2-8_1,M2-8,740,801,Pull tourniquet tight.,35,35,35,35
M2-8_2,M2-8,815,986,Apply strap to strap body.,36,36,36,36
M2-8_3,M2-8,1122,1318,Turn windless clock wise or counter clockwise until hemorrhage is controlled.,37,37,37,37
M2-8_4,M2-8,1250,1313,Lock windless into the windless keeper.,38,38,38,38
M2-8_5,M2-8,1357,1450,Pull remaining strap over the windless keeper.,39,39,39,39
M2-8_6,M2-8,1410,1454,Secure strap and windless keeper with keeper securing device.,40,40,40,40
M2-8_7,M2-8,1565,1639,Mark time on securing device strap with permanent marker.,41,41,41,41
M2-80_0,M2-80,139,418,Place tourniquet over affected extremity 2-3 inches above wound site.,34,34,34,34
M2-80_1,M2-80,420,483,Pull tourniquet tight.,35,35,35,35
M2-80_2,M2-80,488,599,Apply strap to strap body.,36,36,36,36
M2-80_3,M2-80,606,722,Turn windless clock wise or counter clockwise until hemorrhage is controlled.,37,37,37,37
M2-80_4,M2-80,685,794,Lock windless into the windless keeper.,38,38,38,38
M2-80_5,M2-80,816,1005,Secure strap and windless keeper with keeper securing device.,40,40,40,40
M2-80_6,M2-80,820,894,Pull remaining strap over the windless keeper.,39,39,39,39
M2-80_7,M2-80,1105,1181,Mark time on securing device strap with permanent marker.,41,41,41,41
M2-81_0,M2-81,256,456,Place tourniquet over affected extremity 2-3 inches above wound site.,34,34,34,34
M2-81_1,M2-81,494,628,Pull tourniquet tight.,35,35,35,35
M2-81_2,M2-81,631,701,Apply strap to strap body.,36,36,36,36
M2-81_3,M2-81,802,960,Turn windless clock wise or counter clockwise until hemorrhage is controlled.,37,37,37,37
M2-81_4,M2-81,928,958,Lock windless into the windless keeper.,38,38,38,38
M2-81_5,M2-81,979,1031,Pull remaining strap over the windless keeper.,39,39,39,39
M2-81_6,M2-81,1020,1060,Secure strap and windless keeper with keeper securing device.,40,40,40,40
M2-81_7,M2-81,1123,1190,Mark time on securing device strap with permanent marker.,41,41,41,41
M2-82_0,M2-82,294,542,Place tourniquet over affected extremity 2-3 inches above wound site.,34,34,34,34
M2-82_1,M2-82,586,699,Pull tourniquet tight.,35,35,35,35
M2-82_2,M2-82,700,821,Apply strap to strap body.,36,36,36,36
M2-82_3,M2-82,903,1032,Turn windless clock wise or counter clockwise until hemorrhage is controlled.,37,37,37,37
M2-82_4,M2-82,1097,1126,Lock windless into the windless keeper.,38,38,38,38
M2-82_5,M2-82,1144,1182,Pull remaining strap over the windless keeper.,39,39,39,39
M2-82_6,M2-82,1175,1216,Secure strap and windless keeper with keeper securing device.,40,40,40,40
M2-82_7,M2-82,1254,1314,Mark time on securing device strap with permanent marker.,41,41,41,41
M2-83_0,M2-83,276,524,Place tourniquet over affected extremity 2-3 inches above wound site.,34,34,34,34
M2-83_1,M2-83,553,619,Pull tourniquet tight.,35,35,35,35
M2-83_2,M2-83,630,719,Apply strap to strap body.,36,36,36,36
M2-83_3,M2-83,810,919,Turn windless clock wise or counter clockwise until hemorrhage is controlled.,37,37,37,37
M2-83_4,M2-83,911,935,Lock windless into the windless keeper.,38,38,38,38
M2-83_5,M2-83,960,1038,Secure strap and windless keeper with keeper securing device.,40,40,40,40
M2-83_6,M2-83,960,978,Pull remaining strap over the windless keeper.,39,39,39,39
M2-83_7,M2-83,1100,1157,Mark time on securing device strap with permanent marker.,41,41,41,41
M2-84_0,M2-84,295,466,Place tourniquet over affected extremity 2-3 inches above wound site.,34,34,34,34
M2-84_1,M2-84,504,588,Pull tourniquet tight.,35,35,35,35
M2-84_2,M2-84,614,671,Apply strap to strap body.,36,36,36,36
M2-84_3,M2-84,695,888,Turn windless clock wise or counter clockwise until hemorrhage is controlled.,37,37,37,37
M2-84_4,M2-84,843,903,Lock windless into the windless keeper.,38,38,38,38
M2-84_5,M2-84,908,976,Pull remaining strap over the windless keeper.,39,39,39,39
M2-84_6,M2-84,989,1016,Secure strap and windless keeper with keeper securing device.,40,40,40,40
M2-84_7,M2-84,1060,1107,Mark time on securing device strap with permanent marker.,41,41,41,41
M2-88_0,M2-88,222,509,Place tourniquet over affected extremity 2-3 inches above wound site.,34,34,34,34
M2-88_1,M2-88,547,616,Pull tourniquet tight.,35,35,35,35
M2-88_2,M2-88,624,671,Apply strap to strap body.,36,36,36,36
M2-88_3,M2-88,692,867,Turn windless clock wise or counter clockwise until hemorrhage is controlled.,37,37,37,37
M2-88_4,M2-88,846,875,Lock windless into the windless keeper.,38,38,38,38
M2-88_5,M2-88,882,920,Secure strap and windless keeper with keeper securing device.,40,40,40,40
M2-88_6,M2-88,938,985,Mark time on securing device strap with permanent marker.,41,41,41,41
M2-89_0,M2-89,257,545,Place tourniquet over affected extremity 2-3 inches above wound site.,34,34,34,34
M2-89_1,M2-89,605,665,Pull tourniquet tight.,35,35,35,35
M2-89_2,M2-89,683,721,Apply strap to strap body.,36,36,36,36
M2-89_3,M2-89,765,815,Turn windless clock wise or counter clockwise until hemorrhage is controlled.,37,37,37,37
M2-89_4,M2-89,834,926,Secure strap and windless keeper with keeper securing device.,40,40,40,40
M2-89_5,M2-89,854,899,Lock windless into the windless keeper.,38,38,38,38
M2-89_6,M2-89,975,1030,Mark time on securing device strap with permanent marker.,41,41,41,41
M2-9_0,M2-9,360,580,Place tourniquet over affected extremity 2-3 inches above wound site.,34,34,34,34
M2-9_1,M2-9,654,754,Pull tourniquet tight.,35,35,35,35
M2-9_2,M2-9,777,833,Apply strap to strap body.,36,36,36,36
M2-9_3,M2-9,936,1060,Turn windless clock wise or counter clockwise until hemorrhage is controlled.,37,37,37,37
M2-9_4,M2-9,1071,1099,Lock windless into the windless keeper.,38,38,38,38
M2-9_5,M2-9,1106,1214,Pull remaining strap over the windless keeper.,39,39,39,39
M2-9_6,M2-9,1172,1218,Secure strap and windless keeper with keeper securing device.,40,40,40,40
M2-9_7,M2-9,1304,1372,Mark time on securing device strap with permanent marker.,41,41,41,41
M2-90_0,M2-90,253,586,Place tourniquet over affected extremity 2-3 inches above wound site.,34,34,34,34
M2-90_1,M2-90,609,668,Pull tourniquet tight.,35,35,35,35
M2-90_2,M2-90,688,727,Apply strap to strap body.,36,36,36,36
M2-90_3,M2-90,737,835,Turn windless clock wise or counter clockwise until hemorrhage is controlled.,37,37,37,37
M2-90_4,M2-90,795,833,Lock windless into the windless keeper.,38,38,38,38
M2-90_5,M2-90,852,871,Pull remaining strap over the windless keeper.,39,39,39,39
M2-90_6,M2-90,873,937,Secure strap and windless keeper with keeper securing device.,40,40,40,40
M2-90_7,M2-90,968,1016,Mark time on securing device strap with permanent marker.,41,41,41,41
M2-91_0,M2-91,282,572,Place tourniquet over affected extremity 2-3 inches above wound site.,34,34,34,34
M2-91_1,M2-91,599,646,Pull tourniquet tight.,35,35,35,35
M2-91_2,M2-91,653,722,Apply strap to strap body.,36,36,36,36
M2-91_3,M2-91,772,928,Turn windless clock wise or counter clockwise until hemorrhage is controlled.,37,37,37,37
M2-91_4,M2-91,911,941,Lock windless into the windless keeper.,38,38,38,38
M2-91_5,M2-91,955,979,Secure strap and windless keeper with keeper securing device.,40,40,40,40
M2-91_6,M2-91,1017,1063,Mark time on securing device strap with permanent marker.,41,41,41,41
M2-92_0,M2-92,269,541,Place tourniquet over affected extremity 2-3 inches above wound site.,34,34,34,34
M2-92_1,M2-92,561,638,Pull tourniquet tight.,35,35,35,35
M2-92_2,M2-92,642,807,Apply strap to strap body.,36,36,36,36
M2-92_3,M2-92,876,1034,Turn windless clock wise or counter clockwise until hemorrhage is controlled.,37,37,37,37
M2-92_4,M2-92,1028,1074,Lock windless into the windless keeper.,38,38,38,38
M2-92_5,M2-92,1084,1123,Secure strap and windless keeper with keeper securing device.,40,40,40,40
M2-92_6,M2-92,1168,1214,Mark time on securing device strap with permanent marker.,41,41,41,41
M2-93_0,M2-93,254,552,Place tourniquet over affected extremity 2-3 inches above wound site.,34,34,34,34
M2-93_1,M2-93,591,655,Pull tourniquet tight.,35,35,35,35
M2-93_2,M2-93,662,700,Apply strap to strap body.,36,36,36,36
M2-93_3,M2-93,709,784,Turn windless clock wise or counter clockwise until hemorrhage is controlled.,37,37,37,37
M2-93_4,M2-93,764,785,Lock windless into the windless keeper.,38,38,38,38
M2-93_5,M2-93,785,830,Secure strap and windless keeper with keeper securing device.,40,40,40,40
M2-93_6,M2-93,870,915,Mark time on securing device strap with permanent marker.,41,41,41,41
M2-94_0,M2-94,331,574,Place tourniquet over affected extremity 2-3 inches above wound site.,34,34,34,34
M2-94_1,M2-94,600,691,Pull tourniquet tight.,35,35,35,35
M2-94_2,M2-94,700,735,Apply strap to strap body.,36,36,36,36
M2-94_3,M2-94,771,880,Turn windless clock wise or counter clockwise until hemorrhage is controlled.,37,37,37,37
M2-94_4,M2-94,895,917,Lock windless into the windless keeper.,38,38,38,38
M2-94_5,M2-94,914,934,Secure strap and windless keeper with keeper securing device.,40,40,40,40
M2-94_6,M2-94,964,1008,Mark time on securing device strap with permanent marker.,41,41,41,41
M2-96_0,M2-96,238,523,Place tourniquet over affected extremity 2-3 inches above wound site.,34,34,34,34
M2-96_1,M2-96,584,664,Pull tourniquet tight.,35,35,35,35
M2-96_2,M2-96,668,730,Apply strap to strap body.,36,36,36,36
M2-96_3,M2-96,736,857,Turn windless clock wise or counter clockwise until hemorrhage is controlled.,37,37,37,37
M2-96_4,M2-96,862,901,Lock windless into the windless keeper.,38,38,38,38
M2-96_5,M2-96,864,924,Secure strap and windless keeper with keeper securing device.,40,40,40,40
M2-96_6,M2-96,971,1013,Mark time on securing device strap with permanent marker.,41,41,41,41
M2-97_0,M2-97,241,466,Place tourniquet over affected extremity 2-3 inches above wound site.,34,34,34,34
M2-97_1,M2-97,523,563,Pull tourniquet tight.,35,35,35,35
M2-97_2,M2-97,564,650,Apply strap to strap body.,36,36,36,36
M2-97_3,M2-97,670,749,Turn windless clock wise or counter clockwise until hemorrhage is controlled.,37,37,37,37
M2-97_4,M2-97,726,742,Lock windless into the windless keeper.,38,38,38,38
M2-97_5,M2-97,757,787,Pull remaining strap over the windless keeper.,39,39,39,39
M2-97_6,M2-97,779,809,Secure strap and windless keeper with keeper securing device.,40,40,40,40
M2-97_7,M2-97,850,890,Mark time on securing device strap with permanent marker.,41,41,41,41
M2-98_0,M2-98,475,694,Place tourniquet over affected extremity 2-3 inches above wound site.,34,34,34,34
M2-98_1,M2-98,774,857,Pull tourniquet tight.,35,35,35,35
M2-98_2,M2-98,864,1044,Apply strap to strap body.,36,36,36,36
M2-98_3,M2-98,1194,1313,Turn windless clock wise or counter clockwise until hemorrhage is controlled.,37,37,37,37
M2-98_4,M2-98,1236,1304,Lock windless into the windless keeper.,38,38,38,38
M2-98_5,M2-98,1327,1430,Pull remaining strap over the windless keeper.,39,39,39,39
M2-98_6,M2-98,1452,1512,Secure strap and windless keeper with keeper securing device.,40,40,40,40
M2-98_7,M2-98,1574,1614,Mark time on securing device strap with permanent marker.,41,41,41,41
M2-99_0,M2-99,288,589,Place tourniquet over affected extremity 2-3 inches above wound site.,34,34,34,34
M2-99_1,M2-99,598,673,Pull tourniquet tight.,35,35,35,35
M2-99_2,M2-99,675,771,Apply strap to strap body.,36,36,36,36
M2-99_3,M2-99,842,993,Turn windless clock wise or counter clockwise until hemorrhage is controlled.,37,37,37,37
M2-99_4,M2-99,958,1025,Lock windless into the windless keeper.,38,38,38,38
M2-99_5,M2-99,995,1123,Secure strap and windless keeper with keeper securing device.,40,40,40,40
M2-99_6,M2-99,1044,1095,Pull remaining strap over the windless keeper.,39,39,39,39
M2-99_7,M2-99,1178,1214,Mark time on securing device strap with permanent marker.,41,41,41,41
